GeogName,GeoID,Borough,TotalPopulation2016,White2016,RateWhite2016,RateNonWhite2016,Income2016,TotalUnits2016,Owned2016,Rented2016,OwnedRate2016,RentedRate2016,Rent2016,HouseValue2016,X1_2016,X2_2016,X3_2016,GFactor2016,TotalPopulation2010,White2010,RateWhite2010,RateNonWhite2010,Income2010,TotalUnits2010,Owned2010,Rented2010,OwnedRate2010,RentedRate2010,Rent2010,HouseValue2010,X1_2010,X2_2010,X3_2010,GFactor2010,TotalPopulationChange,WhiteChange,RateWhiteChange,RateNonWhiteChange,IncomeChange,TotalUnitsChange,OwnedChange,RentedChange,OwnedRateChange,RentedRateChange,RentChange,HouseValueChange,X1_Change,X2_Change,X3_Change,GFactorChange
Airport,QN98,Queens,NA,NA,NA,NA,NA,NA,NA,NA,NA,NA,NA,NA,NA,NA,NA,NA,NA,NA,NA,NA,NA,NA,NA,NA,NA,NA,NA,NA,NA,NA,NA,NA,NA,NA,NA,NA,NA,NA,NA,NA,NA,NA,NA,NA,NA,NA,NA,NA
Allerton-Pelham Gardens,BX31,Bronx,31376,9000,0.286843447,0.713156553,63863,9833,6141,3470,0.624529645,0.352893318,1044,457736,0.097833735,0.115322766,0.137427718,0.350584219,32450,7178,0.22,0.78,59992,9419,5166,4253,0.55,0.45,1336,448273,0.08,0.1,0.07,0.24,0.03,-0.2,-0.23,0.09,-0.06,-0.04,-0.16,0.23,-0.12,0.28,0.28,-0.02,-0.22,-0.17,-0.48,-0.87
Annadale-Huguenot-Princes Bay-Eltingville,SI01,Staten Island,28464,24390,0.856871838,0.143128162,93015,9616,8283,1189,0.861376872,0.123648087,1222,591603,0.296305732,0.189733772,0.185790318,0.671829822,28698,25446,0.89,0.11,92853,10010,8194,1816,0.82,0.18,1139,561305,0.31,0.18,0.09,0.58,0.01,0.04,0.03,-0.21,0,0.04,-0.01,0.53,-0.05,0.47,-0.07,-0.05,0.05,-0.07,-0.52,-0.53
Arden Heights,SI48,Staten Island,24853,19835,0.798092786,0.201907214,87442,8727,7568,999,0.867193766,0.114472327,1214,428248,0.275840092,0.175508589,0.126774485,0.578123166,26482,20642,0.78,0.22,84490,9095,7911,1184,0.87,0.13,1155,422899,0.27,0.16,0.07,0.5,0.07,0.04,-0.02,0.09,-0.03,0.04,0.05,0.19,0,0.14,-0.05,-0.01,-0.01,-0.11,-0.48,-0.59
Astoria,QN70,Queens,76898,37957,0.493601914,0.506398086,49161,34386,5358,28519,0.155819229,0.829378235,1186,596110,0.169822721,0.077795645,0.187418578,0.435036944,77252,38563,0.5,0.5,59453,34325,5206,29119,0.15,0.85,1485,552407,0.17,0.09,0.09,0.36,0,0.02,0.01,-0.01,0.21,0,-0.03,0.02,-0.03,0.02,0.25,-0.07,0.03,0.21,-0.53,-0.28
Auburndale,QN48,Queens,19603,9025,0.460388716,0.539611284,73408,7135,5025,1977,0.704274702,0.277084793,1356,600869,0.158258578,0.139686551,0.189137879,0.487083007,20609,7582,0.37,0.63,74862,6937,4706,2231,0.68,0.32,1614,644198,0.13,0.13,0.1,0.37,0.05,-0.16,-0.2,0.17,0.02,-0.03,-0.06,0.13,-0.04,0.16,0.19,0.07,-0.19,-0.05,-0.45,-0.69
Baisley Park,QN76,Queens,33942,265,0.007807436,0.992192564,57574,10521,6870,3493,0.652979755,0.332002661,1087,388568,0.000679215,0.09926998,0.112439153,0.212388347,39079,420,0.01,0.99,62609,10971,7090,3881,0.65,0.35,1340,367690,0,0.1,0.06,0.16,0.15,0.58,0.37,0,0.09,0.04,0.03,0.11,-0.01,0.07,0.23,-0.05,2.55,0.03,-0.49,2.09
Bath Beach,BK27,Brooklyn,26694,15900,0.59563947,0.40436053,40540,10314,4267,5712,0.413709521,0.553810355,996,632581,0.205350069,0.055790387,0.200594584,0.46173504,33163,14490,0.44,0.56,58243,11428,4466,6962,0.39,0.61,1299,685011,0.15,0.09,0.11,0.36,0.24,-0.09,-0.27,0.39,0.44,0.11,0.05,0.22,-0.06,0.1,0.3,0.08,-0.26,0.64,-0.45,-0.06
Battery Park City-Lower Manhattan,MN25,Manhattan,33170,21182,0.638589087,0.361410913,117126,16577,3109,13139,0.187549014,0.792604211,2000,763335,0.22030423,0.251277535,0.24783254,0.719414305,45737,29642,0.65,0.35,134266,22074,4958,17116,0.22,0.78,2931,807691,0.23,0.28,0.13,0.64,0.38,0.4,0.01,-0.03,0.15,0.33,0.59,0.3,0.2,-0.02,0.47,0.06,0.03,0.11,-0.47,-0.32
Bay Ridge,BK31,Brooklyn,81232,54905,0.675903585,0.324096415,54679,34575,12170,21912,0.351988431,0.633752711,1149,607614,0.23329636,0.09188044,0.191574668,0.516751469,79134,50197,0.63,0.37,63539,33487,12058,21429,0.36,0.64,1385,687001,0.22,0.1,0.11,0.44,-0.03,-0.09,-0.06,0.13,0.16,-0.03,-0.01,-0.02,0.02,0.01,0.21,0.13,-0.05,0.14,-0.42,-0.33
Bayside-Bayside Hills,QN46,Queens,44659,22255,0.498331803,0.501668197,71710,16246,10700,5356,0.658623661,0.329681152,1386,623783,0.171469569,0.135352375,0.1974161,0.504238044,44864,18640,0.42,0.58,81794,15673,10105,5568,0.64,0.36,1643,648307,0.15,0.15,0.1,0.4,0,-0.16,-0.17,0.17,0.14,-0.04,-0.06,0.04,-0.02,0.08,0.19,0.04,-0.15,0.11,-0.47,-0.52
Bedford,BK75,Brooklyn,68202,15123,0.221738365,0.778261635,31979,23326,4850,18141,0.20792249,0.777715854,890,629935,0.075165503,0.03393828,0.199638654,0.308742437,75318,26407,0.35,0.65,39970,26059,4824,21235,0.19,0.81,1165,722811,0.12,0.05,0.12,0.29,0.1,0.75,0.58,-0.17,0.25,0.12,-0.01,0.17,-0.11,0.05,0.31,0.15,0.63,0.36,-0.41,0.58
Bedford Park-Fordham North,BX05,Bronx,50524,3237,0.064068561,0.935931439,29111,18014,1040,16591,0.057732874,0.921005884,978,347221,0.020268165,0.026617658,0.097501577,0.144387401,55995,3237,0.06,0.94,33643,19364,859,18505,0.04,0.96,1178,326962,0.02,0.03,0.05,0.1,0.11,0,-0.1,0.01,0.16,0.07,-0.17,0.12,-0.23,0.04,0.2,-0.06,-0.06,0.14,-0.48,-0.4
Bellerose,QN43,Queens,25296,7823,0.309258381,0.690741619,71996,8138,6133,1914,0.753624969,0.235192922,1169,487144,0.105638147,0.136082395,0.148052049,0.389772592,26916,7436,0.28,0.72,74950,8192,5864,2328,0.72,0.28,1419,484217,0.1,0.13,0.08,0.31,0.06,-0.05,-0.11,0.05,0.04,0.01,-0.04,0.22,-0.05,0.21,0.21,-0.01,-0.09,-0.02,-0.48,-0.59
Belmont,BX06,Bronx,26657,4676,0.175413587,0.824586413,20678,8610,409,7977,0.047502904,0.926480836,915,454677,0.059036181,0.005092274,0.136322583,0.200451037,29372,5706,0.19,0.81,24727,9116,480,8636,0.05,0.95,1066,342499,0.07,0.01,0.05,0.13,0.1,0.22,0.11,-0.02,0.2,0.06,0.17,0.08,0.11,0.02,0.17,-0.25,0.14,0.64,-0.61,0.16
Bensonhurst East,BK29,Brooklyn,60887,28625,0.470133198,0.529866802,40251,21777,8113,12757,0.37254902,0.585801534,1027,618225,0.161651403,0.055052709,0.195408142,0.412112254,64267,29894,0.47,0.53,48097,22187,7649,14538,0.34,0.66,1209,657026,0.16,0.07,0.11,0.34,0.06,0.04,-0.01,0.01,0.19,0.02,-0.06,0.14,-0.07,0.12,0.18,0.06,0.01,0.2,-0.46,-0.25
Bensonhurst West,BK28,Brooklyn,81667,42608,0.521728483,0.478271517,40316,29327,10396,18052,0.354485628,0.615541992,1031,639745,0.179615805,0.055218623,0.203182747,0.438017176,91646,39112,0.43,0.57,51035,29909,10333,19576,0.35,0.65,1259,708946,0.15,0.07,0.11,0.34,0.12,-0.08,-0.18,0.2,0.27,0.02,-0.01,0.08,-0.03,0.06,0.22,0.11,-0.17,0.33,-0.43,-0.27
Borough Park,BK88,Brooklyn,104988,81226,0.773669372,0.226330628,37070,28653,8623,19514,0.3009458,0.681045615,1096,685741,0.267336368,0.04693315,0.219799883,0.534069401,105913,80190,0.76,0.24,36893,27422,8560,18862,0.31,0.69,1341,815579,0.27,0.04,0.13,0.44,0.01,-0.01,-0.02,0.07,0,-0.04,-0.01,-0.03,0.04,0.01,0.22,0.19,0,-0.18,-0.4,-0.58
Breezy Point-Belle Harbor-Rockaway Park-Broad Channel,QN10,Queens,28531,22359,0.783673899,0.216326101,71108,11145,7183,3746,0.644504262,0.33611485,1072,621011,0.270819736,0.133815759,0.196414649,0.601050145,28243,21974,0.78,0.22,80924,10825,6471,4354,0.6,0.4,1252,552248,0.27,0.15,0.09,0.51,-0.01,-0.02,-0.01,0.03,0.14,-0.03,-0.1,0.16,-0.07,0.2,0.17,-0.11,0.01,0.1,-0.55,-0.44
Briarwood-Jamaica Hills,QN35,Queens,37855,8352,0.220631356,0.779368644,55856,13770,5646,7993,0.410021786,0.580464779,1199,479561,0.074780065,0.094884754,0.145312512,0.314977332,42224,7020,0.17,0.83,62588,14269,5440,8829,0.38,0.62,1441,375873,0.06,0.1,0.06,0.22,0.12,-0.16,-0.25,0.07,0.12,0.04,-0.04,0.1,-0.07,0.07,0.2,-0.22,-0.23,0.08,-0.6,-0.75
Brighton Beach,BK19,Brooklyn,30771,21424,0.696239966,0.303760034,29239,13788,3758,9729,0.272555846,0.705613577,937,491907,0.240377064,0.026944381,0.149772795,0.41709424,34157,23746,0.7,0.3,35699,14097,4380,9717,0.31,0.69,1122,566383,0.24,0.04,0.09,0.37,0.11,0.11,0,0,0.22,0.02,0.17,0,0.14,-0.02,0.2,0.15,0.02,0.32,-0.39,-0.06
Bronxdale,BX07,Bronx,33565,5993,0.178549084,0.821450916,35553,13625,1748,11617,0.128293578,0.852623853,913,379411,0.060127896,0.04306098,0.109130971,0.212319846,37595,4241,0.11,0.89,35431,13780,1866,11914,0.14,0.86,1071,302531,0.04,0.03,0.05,0.12,0.12,-0.29,-0.37,0.08,0,0.01,0.07,0.03,0.06,0.01,0.17,-0.2,-0.36,-0.19,-0.58,-1.13
Brooklyn Heights-Cobble Hill,BK09,Brooklyn,23255,17500,0.752526338,0.247473662,102106,11592,5467,6045,0.471618357,0.521480331,1597,629379,0.259974805,0.212938714,0.199437786,0.672351305,24140,17461,0.72,0.28,116189,11152,4817,6335,0.43,0.57,2084,768459,0.25,0.24,0.12,0.61,0.04,0,-0.04,0.12,0.14,-0.04,-0.12,0.05,-0.08,0.09,0.3,0.22,-0.02,0.1,-0.37,-0.29
Brownsville,BK81,Brooklyn,53583,796,0.014855458,0.985144542,22965,20172,3458,16377,0.171425739,0.811867936,580,371504,0.003133189,0.010929882,0.106274381,0.120337453,60124,740,0.01,0.99,24504,21552,3053,18499,0.14,0.86,738,372773,0,0.01,0.06,0.07,0.12,-0.07,-0.17,0,0.07,0.07,-0.12,0.13,-0.17,0.06,0.27,0,-0.05,-0.29,-0.45,-0.8
Bushwick North,BK77,Brooklyn,59970,4990,0.083208271,0.916791729,35263,18461,2225,15979,0.120524349,0.865554412,1057,504682,0.026932213,0.042320749,0.154388064,0.223641027,60834,9252,0.15,0.85,46485,19207,2023,17184,0.11,0.89,1359,535930,0.05,0.06,0.09,0.2,0.01,0.85,0.83,-0.08,0.32,0.04,-0.09,0.08,-0.13,0.03,0.29,0.06,0.94,0.47,-0.45,0.97
Bushwick South,BK78,Brooklyn,69093,4728,0.068429508,0.931570492,32036,23593,4365,18689,0.185012504,0.792141737,893,507389,0.021786556,0.034083774,0.155366031,0.211236361,75003,10883,0.15,0.85,39733,26256,4085,22171,0.16,0.84,1206,534902,0.05,0.05,0.09,0.18,0.09,1.3,1.12,-0.08,0.24,0.11,-0.06,0.19,-0.16,0.07,0.35,0.05,1.29,0.34,-0.45,1.17
Cambria Heights,QN33,Queens,21616,216,0.009992598,0.990007402,81712,6604,5528,1001,0.837068443,0.151574803,1124,428454,0.001440043,0.160882661,0.126848907,0.289171611,19546,227,0.01,0.99,82100,6081,5262,819,0.87,0.13,1407,398366,0,0.15,0.06,0.22,-0.1,0.05,0.16,0,0,-0.08,-0.05,-0.18,0.03,-0.11,0.25,-0.07,0.89,-0.06,-0.51,0.32
Canarsie,BK50,Brooklyn,83433,5578,0.06685604,0.93314396,59746,27476,13622,13450,0.495778134,0.489518125,1116,501229,0.021238707,0.104814049,0.153140587,0.279193343,88367,4048,0.05,0.95,62263,28677,13959,14718,0.49,0.51,1310,484625,0.01,0.1,0.08,0.19,0.06,-0.27,-0.31,0.02,0.04,0.04,0.02,0.09,-0.02,0.05,0.17,-0.03,-0.3,-0.03,-0.5,-0.83
Carroll Gardens-Columbia Street-Red Hook,BK33,Brooklyn,40858,23894,0.584805913,0.415194087,74662,17840,4755,12910,0.266535874,0.723654709,1412,893234,0.201578051,0.142887408,0.294761606,0.639227066,42463,25780,0.61,0.39,91757,18111,5209,12902,0.29,0.71,1753,1099629,0.21,0.17,0.18,0.57,0.04,0.08,0.04,-0.05,0.23,0.02,0.1,0,0.08,-0.02,0.24,0.23,0.06,0.22,-0.39,-0.11
Central Harlem North-Polo Grounds,MN03,Manhattan,76922,5107,0.066391929,0.933608071,30761,32500,3703,28487,0.113938462,0.876523077,727,602536,0.021077114,0.030829313,0.189740122,0.241646548,85872,7770,0.09,0.91,35748,34755,3120,31635,0.09,0.91,952,514806,0.03,0.04,0.08,0.15,0.12,0.52,0.36,-0.03,0.16,0.07,-0.16,0.11,-0.21,0.04,0.31,-0.15,0.45,0.16,-0.57,0.04
Central Harlem South,MN11,Manhattan,44000,7042,0.160045455,0.839954545,38958,17997,2838,14855,0.157692949,0.825415347,790,708258,0.053685318,0.051752304,0.227934679,0.3333723,50095,9974,0.2,0.8,53590,19505,3673,15832,0.19,0.81,1060,769132,0.07,0.08,0.13,0.27,0.14,0.42,0.24,-0.05,0.38,0.08,0.29,0.07,0.19,-0.02,0.34,0.09,0.28,0.54,-0.45,0.38
Charleston-Richmond Valley-Tottenville,SI11,Staten Island,23212,18943,0.816086507,0.183913493,86804,7328,5968,1281,0.81441048,0.174808952,1163,579562,0.28210513,0.173880083,0.181440224,0.637425437,24794,20473,0.83,0.17,86645,8117,6283,1834,0.77,0.23,1213,574514,0.29,0.16,0.09,0.54,0.07,0.08,0.01,-0.05,0,0.11,0.05,0.43,-0.05,0.29,0.04,-0.01,0.03,-0.07,-0.49,-0.53
Chinatown,MN27,Manhattan,49781,7769,0.156063558,0.843936442,33279,18893,1545,17130,0.081776319,0.906685016,822,596067,0.052298905,0.037256554,0.187403043,0.276958502,44898,7967,0.18,0.82,38854,18191,1183,17008,0.07,0.94,1028,690573,0.06,0.04,0.11,0.22,-0.1,0.03,0.14,-0.03,0.17,-0.04,-0.23,-0.01,-0.21,0.03,0.25,0.16,0.17,0.16,-0.4,-0.07
Claremont-Bathgate,BX01,Bronx,29478,286,0.009702151,0.990297849,19790,9644,431,9058,0.044691,0.939236831,608,387747,0.001338915,0.002825637,0.112142547,0.1163071,34815,400,0.01,0.99,21369,10843,496,10347,0.05,0.95,778,378999,0,0,0.06,0.06,0.18,0.4,0.19,0,0.08,0.12,0.15,0.14,0.02,0.02,0.28,-0.02,1,-1,-0.47,-0.48
Clinton,MN15,Manhattan,45225,25996,0.574814815,0.425185185,64951,25581,3768,21387,0.147296822,0.836050194,1427,722799,0.198099359,0.118099906,0.233187957,0.549387221,44293,24899,0.56,0.44,81845,26448,3807,22641,0.14,0.86,1979,818778,0.2,0.15,0.13,0.48,-0.02,-0.04,-0.02,0.03,0.26,0.03,0.01,0.06,-0.02,0.02,0.39,0.13,0,0.27,-0.43,-0.16
Clinton Hill,BK69,Brooklyn,34192,10977,0.321040009,0.678959991,54519,14868,5054,9594,0.33992467,0.64527845,1209,535343,0.109740264,0.091472037,0.165465071,0.366677372,38655,15508,0.4,0.6,72799,15797,5313,10484,0.34,0.66,1630,638640,0.14,0.13,0.1,0.37,0.13,0.41,0.25,-0.12,0.34,0.06,0.05,0.09,-0.01,0.03,0.35,0.19,0.28,0.39,-0.38,0.3
College Point,QN23,Queens,22914,8759,0.38225539,0.61774461,65271,7734,3803,3741,0.491724851,0.483708301,1354,543385,0.131054183,0.118916711,0.168370433,0.418341327,25875,6221,0.24,0.76,55021,7852,3648,4204,0.46,0.54,1503,549027,0.08,0.08,0.09,0.25,0.13,-0.29,-0.37,0.23,-0.16,0.02,-0.04,0.12,-0.06,0.11,0.11,0.01,-0.36,-0.3,-0.48,-1.14
Co-op City,BX13,Bronx,42778,4160,0.097246248,0.902753752,47106,18203,10002,8040,0.549469868,0.441685436,811,77338,0.031819944,0.072550221,0,0.104370165,48541,3418,0.07,0.93,46492,19435,8020,11415,0.41,0.59,959,29648,0.02,0.06,0,0.09,0.13,-0.18,-0.28,0.03,-0.01,0.07,-0.2,0.42,-0.25,0.33,0.18,-0.62,-0.26,-0.14,0,-0.4
Corona,QN25,Queens,54022,4999,0.092536374,0.907463626,45481,15925,3810,11884,0.239246468,0.746248038,1228,504028,0.030180064,0.068402379,0.154151791,0.252734234,58626,3983,0.07,0.93,45589,16643,3829,12814,0.23,0.77,1427,453604,0.02,0.06,0.07,0.15,0.09,-0.2,-0.27,0.03,0,0.05,0,0.08,-0.04,0.03,0.16,-0.1,-0.25,-0.12,-0.53,-0.91
Crotona Park East,BX75,Bronx,18969,131,0.006906005,0.993093995,19550,6596,504,6048,0.076409945,0.916919345,772,378631,0.000365355,0.002213033,0.108849178,0.111427566,21745,206,0.01,0.99,22538,7533,674,6859,0.09,0.91,842,425345,0,0,0.07,0.07,0.15,0.57,0.38,0,0.15,0.14,0.34,0.13,0.17,-0.01,0.09,0.12,4.37,0.31,-0.39,4.3
Crown Heights North,BK61,Brooklyn,100025,8414,0.08411897,0.91588103,34506,40486,6530,32892,0.161290323,0.812428988,930,578917,0.0272493,0.040388493,0.181207203,0.248844995,107134,16853,0.16,0.84,40678,43221,6030,37191,0.14,0.86,1137,697880,0.05,0.05,0.11,0.22,0.07,1,0.87,-0.08,0.18,0.07,-0.08,0.13,-0.14,0.06,0.22,0.21,0.99,0.19,-0.38,0.8
Crown Heights South,BK63,Brooklyn,40236,9959,0.247514663,0.752485337,36624,14813,2339,12392,0.157901843,0.836562479,959,637390,0.084140272,0.045794726,0.202331948,0.332266947,41962,11814,0.28,0.72,46357,14971,1992,12979,0.13,0.87,1263,688937,0.1,0.06,0.11,0.27,0.04,0.19,0.14,-0.05,0.27,0.01,-0.15,0.05,-0.16,0.04,0.32,0.08,0.17,0.35,-0.45,0.07
Cypress Hills-City Line,BK83,Brooklyn,48182,2489,0.051658296,0.948341704,40207,13953,4904,8849,0.351465635,0.63420053,1183,488080,0.01594717,0.054940399,0.148390201,0.21927777,48899,1558,0.03,0.97,45720,14159,4598,9561,0.32,0.68,1311,429541,0.01,0.06,0.07,0.14,0.01,-0.37,-0.38,0.02,0.14,0.01,-0.06,0.08,-0.08,0.06,0.11,-0.12,-0.38,0.1,-0.54,-0.83
Douglas Manor-Douglaston-Little Neck,QN45,Queens,23631,12413,0.525284584,0.474715416,78264,9361,7427,1856,0.793398141,0.198269416,1386,582095,0.180853965,0.152081578,0.18235533,0.515290874,25738,11938,0.46,0.54,83413,9684,7600,2084,0.78,0.22,1743,576588,0.16,0.15,0.09,0.41,0.09,-0.04,-0.12,0.13,0.07,0.03,0.02,0.12,-0.01,0.09,0.26,-0.01,-0.1,0.01,-0.49,-0.58
DUMBO-Vinegar Hill-Downtown Brooklyn-Boerum Hill,BK38,Brooklyn,32758,13146,0.401306551,0.598693449,61409,13728,3454,10156,0.251602564,0.739801865,830,716532,0.1376874,0.109058887,0.230923856,0.477670142,42245,18944,0.45,0.55,94542,17585,4495,13090,0.26,0.74,1749,929014,0.16,0.18,0.15,0.49,0.29,0.44,0.12,-0.08,0.54,0.28,0.3,0.29,0.02,0.01,1.11,0.3,0.14,0.66,-0.34,0.46
Dyker Heights,BK30,Brooklyn,42516,22509,0.529424217,0.470575783,52826,14622,6871,7384,0.469908357,0.504992477,1110,648414,0.182295299,0.087150624,0.206314627,0.475760551,45877,21415,0.47,0.53,56310,14907,6929,7978,0.46,0.54,1299,767503,0.16,0.09,0.12,0.37,0.08,-0.05,-0.12,0.13,0.07,0.02,0.01,0.08,-0.01,0.06,0.17,0.18,-0.1,-0.01,-0.39,-0.5
East Concourse-Concourse Village,BX14,Bronx,59990,595,0.00991832,0.99008168,26051,21102,2053,18439,0.097289356,0.873803431,904,139122,0.001414181,0.018806953,0.022320922,0.042542056,64516,1009,0.02,0.98,28772,22180,2589,19591,0.12,0.88,1078,185984,0,0.02,0.03,0.05,0.08,0.7,0.57,-0.01,0.1,0.05,0.26,0.06,0.2,0.01,0.19,0.34,1.93,-0.02,0.18,2.09
East Elmhurst,QN27,Queens,22009,768,0.034894816,0.965105184,52569,6222,3038,3091,0.488267438,0.496785599,1234,544127,0.010110476,0.086494627,0.168638497,0.2652436,21760,1169,0.05,0.95,48362,6064,2608,3456,0.43,0.57,1422,517091,0.02,0.07,0.08,0.17,-0.01,0.52,0.54,-0.02,-0.08,-0.03,-0.14,0.12,-0.12,0.15,0.15,-0.05,0.74,-0.23,-0.51,0
East Flatbush-Farragut,BK91,Brooklyn,52816,1222,0.023136928,0.976863072,49694,18232,8239,9581,0.451897762,0.525504607,986,429297,0.006016624,0.079156138,0.127153461,0.212326223,53535,889,0.02,0.98,53207,18556,7966,10590,0.43,0.57,1237,422385,0,0.08,0.07,0.15,0.01,-0.27,-0.28,0.01,0.07,0.02,-0.03,0.11,-0.05,0.09,0.25,-0.02,-0.26,0,-0.48,-0.74
East Flushing,QN52,Queens,27913,6389,0.228889765,0.771110235,59405,8971,4583,4247,0.510868354,0.473414335,1320,644774,0.077655471,0.10394364,0.204999592,0.386598703,26436,3768,0.14,0.86,48666,8346,3975,4371,0.48,0.52,1452,684343,0.05,0.07,0.11,0.23,-0.05,-0.41,-0.38,0.11,-0.18,-0.07,-0.13,0.03,-0.07,0.11,0.1,0.06,-0.37,-0.35,-0.46,-1.18
East Harlem North,MN34,Manhattan,60499,4099,0.067753186,0.932246814,25631,21674,1340,20138,0.061825228,0.929131679,591,405468,0.021551075,0.017734895,0.118544675,0.157830645,61031,5186,0.09,0.92,27377,23913,1592,22321,0.07,0.93,734,487856,0.03,0.01,0.08,0.12,0.01,0.27,0.25,-0.02,0.07,0.1,0.19,0.11,0.08,0,0.24,0.2,0.33,-0.16,-0.35,-0.18
East Harlem South,MN33,Manhattan,59914,9711,0.162082318,0.837917682,35452,23021,1680,21148,0.072976847,0.918639503,760,834324,0.054394511,0.042803175,0.273478984,0.370676671,59777,12998,0.22,0.78,36766,24057,1835,22222,0.08,0.92,1007,840767,0.08,0.04,0.14,0.25,0,0.34,0.34,-0.07,0.04,0.05,0.09,0.05,0.05,0.01,0.33,0.01,0.39,-0.11,-0.5,-0.22
East New York,BK82,Brooklyn,91147,1449,0.015897397,0.984102603,33244,30749,7355,23080,0.239194771,0.750593515,897,434263,0.00349597,0.037167215,0.128947545,0.169610731,94448,1617,0.02,0.98,35656,32744,7716,25028,0.24,0.76,1055,397123,0,0.04,0.06,0.1,0.04,0.12,0.08,0,0.07,0.06,0.05,0.08,-0.02,0.02,0.18,-0.09,0.33,-0.05,-0.52,-0.23
East New York (Pennsylvania Ave),BK85,Brooklyn,29753,274,0.009209155,0.990790845,31475,9674,2574,6959,0.266074013,0.719350837,902,408671,0.001167264,0.032651811,0.119701834,0.153520909,29447,560,0.02,0.98,29183,10079,2179,7900,0.22,0.78,1028,411683,0.01,0.02,0.06,0.09,-0.01,1.04,1.06,-0.01,-0.07,0.04,-0.15,0.14,-0.19,0.09,0.14,0.01,3.57,-0.41,-0.46,2.7
East Tremont,BX17,Bronx,41102,756,0.018393266,0.981606734,21170,14029,1314,12440,0.093663126,0.886734621,823,368976,0.00436498,0.006348112,0.105361082,0.116074174,44510,681,0.02,0.98,22130,14779,1227,13552,0.08,0.92,906,359840,0,0,0.06,0.06,0.08,-0.1,-0.17,0,0.05,0.05,-0.07,0.09,-0.11,0.03,0.1,-0.02,-0.08,-0.7,-0.47,-1.25
East Village,MN22,Manhattan,40774,27179,0.66657674,0.33342326,58338,22011,2927,18764,0.132978965,0.852482849,1474,719915,0.230048947,0.101220104,0.232146044,0.563415095,43022,29218,0.68,0.32,73965,22352,2501,19851,0.11,0.89,1876,744365,0.24,0.13,0.12,0.49,0.06,0.08,0.02,-0.04,0.27,0.02,-0.15,0.06,-0.16,0.04,0.27,0.03,0.04,0.29,-0.48,-0.15
East Williamsburg,BK90,Brooklyn,31993,13196,0.412465227,0.587534773,43204,14403,2494,11744,0.17315837,0.815385684,969,620437,0.141572618,0.062590295,0.196207279,0.400370192,35985,15882,0.44,0.56,53891,15964,2556,13408,0.16,0.84,1315,661936,0.15,0.08,0.11,0.34,0.12,0.2,0.07,-0.05,0.25,0.11,0.02,0.14,-0.08,0.03,0.36,0.07,0.09,0.29,-0.45,-0.08
Eastchester-Edenwald-Baychester,BX03,Bronx,37653,1022,0.027142592,0.972857408,43661,11752,4452,7160,0.378829135,0.609257999,914,432676,0.007411313,0.063756796,0.128374204,0.199542313,35172,1242,0.04,0.96,50231,11447,4353,7094,0.38,0.62,1131,410091,0.01,0.07,0.06,0.15,-0.07,0.22,0.3,-0.01,0.15,-0.03,-0.02,-0.01,0,0.02,0.24,-0.05,0.5,0.12,-0.5,0.12
Elmhurst,QN29,Queens,82564,5411,0.065537038,0.934462962,42712,27541,7130,20048,0.258886751,0.7279329,1189,519288,0.020779458,0.061334456,0.159664825,0.24177874,83663,5013,0.06,0.94,44367,26875,6562,20313,0.24,0.76,1371,504289,0.02,0.06,0.08,0.16,0.01,-0.07,-0.09,0.01,0.04,-0.02,-0.08,0.01,-0.06,0.04,0.15,-0.03,-0.05,-0.07,-0.5,-0.62
Elmhurst-Maspeth,QN50,Queens,25349,3845,0.151682512,0.848317488,48980,8338,3417,4830,0.409810506,0.579275606,1271,572611,0.050773516,0.07733364,0.178929012,0.307036167,26460,3588,0.14,0.86,56797,8071,3278,4793,0.41,0.59,1569,578576,0.05,0.09,0.09,0.23,0.04,-0.07,-0.11,0.02,0.16,-0.03,-0.04,-0.01,-0.01,0.03,0.23,0.01,-0.08,0.14,-0.48,-0.43
Erasmus,BK95,Brooklyn,30413,449,0.014763424,0.985236576,36717,10462,2118,8199,0.202446951,0.783693366,1014,445995,0.003101145,0.046032111,0.133186006,0.182319261,29149,1230,0.04,0.96,42858,10053,2262,7791,0.23,0.78,1200,409488,0.01,0.05,0.06,0.13,-0.04,1.74,1.86,-0.03,0.17,-0.04,0.07,-0.05,0.11,-0.01,0.18,-0.08,3.36,0.16,-0.52,3
Far Rockaway-Bayswater,QN15,Queens,48006,14002,0.291671874,0.708328126,37698,15946,3994,11725,0.250470337,0.735294118,948,485846,0.099514892,0.048536131,0.147583116,0.295634139,54264,14380,0.27,0.74,43722,16675,4209,12466,0.25,0.75,1172,441795,0.09,0.06,0.07,0.22,0.13,0.03,-0.09,0.04,0.16,0.05,0.05,0.06,0.01,0.02,0.24,-0.09,-0.07,0.14,-0.53,-0.46
Flatbush,BK42,Brooklyn,105347,23356,0.221705412,0.778294588,41871,37738,6497,30363,0.172160687,0.804573639,1028,573765,0.075154029,0.059187789,0.179345922,0.313687739,108653,24359,0.22,0.78,48896,38418,6729,31689,0.18,0.82,1283,621940,0.08,0.07,0.1,0.25,0.03,0.04,0.01,0,0.17,0.02,0.04,0.04,0.02,0.03,0.25,0.08,0.04,0.15,-0.44,-0.25
Flatlands,BK58,Brooklyn,70189,13868,0.197580818,0.802419182,61020,23233,14677,8276,0.631730728,0.356217449,1004,462988,0.066754348,0.108065957,0.139325127,0.314145432,72540,11458,0.16,0.84,69459,23073,13615,9458,0.59,0.41,1227,453757,0.05,0.12,0.07,0.25,0.03,-0.17,-0.2,0.05,0.14,-0.01,-0.07,0.14,-0.07,0.15,0.22,-0.02,-0.19,0.1,-0.49,-0.57
Flushing,QN22,Queens,66943,7225,0.10792764,0.89207236,40350,25848,7141,18202,0.276268957,0.704193748,1138,246243,0.035538982,0.055305409,0.061020901,0.151865292,70697,5479,0.08,0.92,37698,25807,6848,18959,0.27,0.73,1315,291684,0.03,0.04,0.04,0.11,0.06,-0.24,-0.28,0.03,-0.07,0,-0.04,0.04,-0.04,0.04,0.16,0.18,-0.27,-0.27,-0.27,-0.81
Fordham South,BX40,Bronx,27552,425,0.015425377,0.984574623,21986,8647,180,8267,0.020816468,0.956054123,950,303029,0.003331623,0.008430967,0.081536178,0.093298769,28434,340,0.01,0.99,23992,8930,106,8824,0.01,0.99,1134,394443,0,0.01,0.06,0.07,0.03,-0.2,-0.22,0,0.09,0.03,-0.41,0.07,-0.43,0.03,0.19,0.3,-0.15,-0.23,-0.24,-0.62
Forest Hills,QN17,Queens,83269,49290,0.591936975,0.408063025,67568,38869,18264,19818,0.469886027,0.509866475,1279,356936,0.204060938,0.124779845,0.101011349,0.429852132,86531,46136,0.53,0.47,70278,39258,18067,21191,0.46,0.54,1549,354235,0.19,0.12,0.05,0.36,0.04,-0.06,-0.1,0.14,0.04,0.01,-0.01,0.07,-0.02,0.06,0.21,-0.01,-0.08,-0.03,-0.46,-0.57
Fort Greene,BK68,Brooklyn,25393,7009,0.276020951,0.723979049,52392,10817,2669,7968,0.246741241,0.736618286,1075,720965,0.094065567,0.086042831,0.232525381,0.412633779,30288,8540,0.28,0.72,59907,12494,3091,9403,0.25,0.75,1165,795842,0.1,0.1,0.13,0.32,0.19,0.22,0.02,-0.01,0.14,0.16,0.16,0.18,0,0.02,0.08,0.1,0.04,0.11,-0.44,-0.29
Fresh Meadows-Utopia,QN41,Queens,17542,6074,0.346254703,0.653745297,67449,6678,2683,3928,0.401766996,0.58820006,1383,622813,0.118519495,0.124476096,0.197065664,0.440061255,18700,5985,0.32,0.68,71429,6660,2904,3756,0.44,0.56,1666,649612,0.11,0.12,0.1,0.34,0.07,-0.01,-0.08,0.04,0.06,0,0.08,-0.04,0.09,-0.04,0.2,0.04,-0.06,0,-0.47,-0.53
Ft. Totten-Bay Terrace-Clearview,QN47,Queens,22161,14547,0.656423447,0.343576553,72573,10063,7261,2698,0.721554208,0.268110901,1485,402581,0.226513782,0.137555198,0.117501678,0.481570659,21945,13404,0.61,0.39,76137,9848,6838,3010,0.69,0.31,1951,414849,0.21,0.14,0.07,0.42,-0.01,-0.08,-0.07,0.13,0.05,-0.02,-0.06,0.12,-0.04,0.14,0.31,0.03,-0.05,-0.01,-0.45,-0.51
Georgetown-Marine Park-Bergen Beach-Mill Basin,BK45,Brooklyn,48060,36567,0.760861423,0.239138577,80956,16055,12021,3760,0.748738711,0.234194955,1360,562661,0.262876908,0.158952957,0.175334341,0.597164205,47997,32452,0.68,0.32,80660,16788,12185,4603,0.73,0.27,1405,570269,0.24,0.15,0.09,0.48,0,-0.11,-0.11,0.35,0,0.05,0.01,0.22,-0.03,0.17,0.03,0.01,-0.1,-0.07,-0.48,-0.65
Glen Oaks-Floral Park-New Hyde Park,QN44,Queens,22719,11834,0.520885602,0.479114398,73483,9292,7089,2092,0.762914335,0.225139905,1224,458095,0.179322332,0.13987799,0.137557415,0.456757737,23344,10533,0.45,0.55,84340,9030,7021,2009,0.78,0.22,1512,463320,0.16,0.16,0.07,0.39,0.03,-0.11,-0.13,0.15,0.15,-0.03,-0.01,-0.04,0.02,-0.01,0.24,0.01,-0.12,0.12,-0.47,-0.47
Glendale,QN19,Queens,32299,19881,0.615529893,0.384470107,54665,11739,5724,5727,0.487605418,0.487860976,1179,534267,0.2122755,0.091844705,0.165076341,0.469196545,34029,20094,0.59,0.41,70509,11820,5841,5979,0.49,0.51,1343,512186,0.21,0.12,0.08,0.41,0.05,0.01,-0.04,0.07,0.29,0.01,0.02,0.04,0.01,0.04,0.14,-0.04,-0.02,0.33,-0.51,-0.2
Gramercy,MN21,Manhattan,25787,19713,0.764454958,0.235545042,96090,15068,5521,9357,0.366405628,0.620984869,1804,644448,0.264128102,0.197582765,0.204881817,0.666592684,27886,19804,0.71,0.29,116266,14167,5176,8991,0.37,0.63,2282,726595,0.25,0.24,0.12,0.6,0.08,0,-0.07,0.23,0.21,-0.06,-0.06,-0.04,0,0.02,0.26,0.13,-0.06,0.19,-0.42,-0.29
Grasmere-Arrochar-Ft. Wadsworth,SI14,Staten Island,14728,9948,0.675448126,0.324551874,62562,5637,3287,1999,0.583111584,0.354621252,794,452736,0.233137779,0.11200194,0.135621351,0.48076107,15896,10182,0.64,0.36,74103,5669,3516,2153,0.62,0.38,1103,432166,0.22,0.13,0.07,0.42,0.08,0.02,-0.05,0.11,0.18,0.01,0.07,0.08,0.06,0.07,0.39,-0.05,-0.04,0.17,-0.5,-0.37
Gravesend,BK26,Brooklyn,27105,14822,0.546836377,0.453163623,36094,11011,4266,6426,0.387430751,0.58359822,827,549688,0.18835785,0.044441892,0.170647539,0.403447282,30288,15255,0.5,0.5,38573,11375,3812,7563,0.34,0.66,1024,515440,0.18,0.04,0.08,0.3,0.12,0.03,-0.08,0.1,0.07,0.03,-0.11,0.18,-0.14,0.14,0.24,-0.06,-0.06,-0.04,-0.52,-0.62
Great Kills,SI54,Staten Island,41033,35483,0.864743012,0.135256988,87574,15133,12589,2369,0.83189057,0.156545298,1205,473988,0.29904631,0.175845522,0.143299135,0.618190967,43602,36834,0.84,0.16,91161,15517,12765,2752,0.82,0.18,1455,450902,0.3,0.17,0.07,0.54,0.06,0.04,-0.02,0.15,0.04,0.03,0.01,0.16,-0.01,0.13,0.21,-0.05,-0.01,-0.02,-0.5,-0.53
Greenpoint,BK76,Brooklyn,31515,24020,0.762176741,0.237823259,55936,15010,2908,11827,0.193737508,0.787941372,1183,706132,0.263334874,0.095088955,0.227166611,0.585590441,33351,25167,0.75,0.25,74283,15869,3146,12723,0.2,0.8,1786,720209,0.27,0.13,0.12,0.51,0.06,0.05,-0.01,0.03,0.33,0.06,0.08,0.08,0.02,0.02,0.51,0.02,0.01,0.38,-0.49,-0.1
Grymes Hill-Clifton-Fox Hills,SI08,Staten Island,22192,7120,0.320836337,0.679163663,48806,7938,3731,4140,0.470017637,0.52154195,919,348730,0.10966935,0.076889501,0.098046739,0.28460559,21636,6239,0.29,0.71,55814,7610,3503,4107,0.46,0.54,1090,379258,0.1,0.09,0.06,0.25,-0.03,-0.12,-0.1,0.05,0.14,-0.04,-0.06,-0.01,-0.02,0.03,0.19,0.09,-0.08,0.11,-0.4,-0.37
Hamilton Heights,MN04,Manhattan,49667,6007,0.120945497,0.879054503,34488,18163,2293,15490,0.126245664,0.852832682,935,437128,0.040071528,0.040342548,0.129982594,0.21039667,52508,8759,0.17,0.83,44173,19226,2540,16686,0.13,0.87,1200,312657,0.06,0.06,0.05,0.16,0.06,0.46,0.38,-0.05,0.28,0.06,0.11,0.08,0.05,0.02,0.28,-0.28,0.44,0.4,-0.63,0.21
Hammels-Arverne-Edgemere,QN12,Queens,34677,5098,0.147013871,0.852986129,39195,12103,3878,8141,0.320416426,0.672643146,657,335627,0.049147992,0.05235725,0.093312972,0.194818215,39003,6175,0.16,0.84,39374,13061,4223,8838,0.32,0.68,784,323951,0.05,0.04,0.05,0.15,0.12,0.21,0.08,-0.01,0,0.08,0.09,0.09,0.01,0.01,0.19,-0.03,0.11,-0.15,-0.47,-0.5
Highbridge,BX26,Bronx,36521,288,0.007885874,0.992114126,26525,12589,566,11721,0.044959886,0.931050917,865,427272,0.000706525,0.020016847,0.126421882,0.147145254,39144,664,0.02,0.98,26281,13242,536,12706,0.04,0.96,1044,330274,0,0.01,0.05,0.07,0.07,1.31,1.16,-0.01,-0.01,0.05,-0.05,0.08,-0.1,0.03,0.21,-0.23,5.52,-0.39,-0.6,4.53
Hollis,QN07,Queens,19286,617,0.031992119,0.968007881,59771,5868,3457,2272,0.589127471,0.387184731,1097,453686,0.009099817,0.104877862,0.135964561,0.24994224,21214,551,0.03,0.97,66176,6030,3369,2661,0.56,0.44,1267,432152,0.01,0.11,0.07,0.19,0.1,-0.11,-0.19,0.01,0.11,0.03,-0.03,0.17,-0.05,0.14,0.15,-0.05,-0.14,0.06,-0.5,-0.58
Homecrest,BK25,Brooklyn,39165,31552,0.80561726,0.19438274,43150,15006,5737,8739,0.382313741,0.582367053,1025,604353,0.278459957,0.062452459,0.190396555,0.531308972,44516,34673,0.78,0.22,52093,15575,5759,9816,0.37,0.63,1333,641274,0.27,0.08,0.1,0.45,0.14,0.1,-0.03,0.14,0.21,0.04,0,0.12,-0.03,0.08,0.3,0.06,-0.02,0.22,-0.46,-0.25
Hudson Yards-Chelsea-Flat Iron-Union Square,MN13,Manhattan,66129,43313,0.654977393,0.345022607,87396,36267,10924,24812,0.301210467,0.684148124,1626,748922,0.226010297,0.175391173,0.242625505,0.644026975,77205,48751,0.63,0.37,109092,42124,11825,30299,0.28,0.72,2170,913941,0.22,0.22,0.15,0.59,0.17,0.13,-0.04,0.07,0.25,0.16,0.08,0.22,-0.07,0.05,0.33,0.22,-0.02,0.24,-0.38,-0.16
Hunters Point-Sunnyside-West Maspeth,QN31,Queens,59198,21089,0.356245143,0.643754857,54661,25262,4846,19956,0.191829626,0.789961207,1196,507882,0.121997958,0.091834495,0.155544139,0.369376592,66926,25244,0.38,0.62,67822,28245,5780,22465,0.2,0.8,1591,534606,0.13,0.12,0.09,0.33,0.13,0.2,0.06,-0.03,0.24,0.12,0.19,0.13,0.07,0.01,0.33,0.05,0.08,0.25,-0.45,-0.12
Hunts Point,BX27,Bronx,27761,300,0.010806527,0.989193473,20497,8617,567,7856,0.065800162,0.911686202,846,361428,0.001723436,0.004630268,0.10263419,0.108987893,26531,263,0.01,0.99,22679,8445,546,7899,0.06,0.94,936,345384,0,0,0.05,0.06,-0.04,-0.12,-0.08,0,0.11,-0.02,-0.04,0.01,-0.02,0.03,0.11,-0.04,0.23,-0.3,-0.48,-0.55
Jackson Heights,QN28,Queens,107057,18641,0.174122197,0.825877803,50480,36734,14580,21652,0.396907497,0.589426689,1164,405406,0.058586546,0.081162417,0.118522276,0.258271238,104125,16416,0.16,0.84,53288,36706,13334,23372,0.36,0.64,1366,387694,0.05,0.08,0.06,0.19,-0.03,-0.12,-0.09,0.02,0.06,0,-0.09,0.08,-0.08,0.08,0.17,-0.04,-0.07,-0.02,-0.49,-0.59
Jamaica,QN61,Queens,49124,1716,0.034932009,0.965067991,41590,15269,4253,10840,0.278538215,0.709935163,1081,449687,0.010123425,0.058470531,0.134519828,0.203113784,55597,2000,0.04,0.96,42970,15952,3959,11993,0.25,0.75,1273,426501,0.01,0.05,0.07,0.13,0.13,0.17,0.03,0,0.03,0.04,-0.07,0.11,-0.11,0.06,0.18,-0.05,0.12,-0.08,-0.5,-0.47
Jamaica Estates-Holliswood,QN06,Queens,23989,6483,0.270248864,0.729751136,62691,9515,5339,4036,0.56111403,0.424172359,1141,543083,0.092055847,0.112331215,0.168261328,0.372648389,26757,6333,0.24,0.76,69745,9241,4894,4347,0.53,0.47,1380,536180,0.08,0.12,0.09,0.29,0.12,-0.02,-0.12,0.05,0.11,-0.03,-0.08,0.08,-0.06,0.11,0.21,-0.01,-0.11,0.07,-0.49,-0.53
Kensington-Ocean Parkway,BK41,Brooklyn,36834,18089,0.491095184,0.508904816,42525,12284,3396,8704,0.27645718,0.708563986,1095,532382,0.168949929,0.060857136,0.16439534,0.394202405,37676,18756,0.5,0.5,54163,12171,3773,8398,0.31,0.69,1394,541969,0.17,0.08,0.09,0.34,0.02,0.04,0.01,-0.01,0.27,-0.01,0.11,-0.04,0.12,-0.03,0.27,0.02,0.03,0.34,-0.47,-0.1
Kew Gardens,QN60,Queens,22705,11373,0.500902885,0.499097115,58197,10075,3433,6519,0.340744417,0.647047146,1161,293369,0.172364766,0.100860199,0.078046276,0.351271241,23719,10983,0.46,0.54,63518,10015,3725,6290,0.37,0.63,1433,300718,0.16,0.1,0.05,0.31,0.04,-0.03,-0.08,0.08,0.09,-0.01,0.09,-0.04,0.09,-0.03,0.23,0.03,-0.06,0.04,-0.41,-0.44
Kew Gardens Hills,QN37,Queens,36579,19582,0.535334482,0.464665518,56472,13623,7428,5929,0.545254349,0.435219849,1167,293976,0.18435313,0.096457105,0.078265569,0.359075804,38404,20078,0.52,0.48,64561,13199,6879,6320,0.52,0.48,1430,321724,0.18,0.11,0.05,0.34,0.05,0.03,-0.02,0.03,0.14,-0.03,-0.07,0.07,-0.04,0.1,0.23,0.09,-0.01,0.11,-0.37,-0.26
Kingsbridge Heights,BX30,Bronx,33289,1342,0.040313617,0.959686383,28597,11368,1729,9333,0.152093596,0.82098874,941,148184,0.011997189,0.025305664,0.025594783,0.062897636,31294,1299,0.04,0.96,32458,10882,1220,9662,0.11,0.89,1107,162499,0.01,0.03,0.02,0.06,-0.06,-0.03,0.03,0,0.14,-0.04,-0.29,0.04,-0.26,0.08,0.18,0.1,0.11,0.09,-0.12,0.07
Laurelton,QN66,Queens,25521,306,0.011990126,0.988009874,79380,8064,6743,1272,0.836185516,0.157738095,1254,424143,0.00213554,0.154930189,0.125291457,0.282357186,26924,311,0.01,0.99,81795,8134,6320,1814,0.78,0.22,1382,412803,0,0.15,0.06,0.22,0.05,0.02,-0.03,0,0.03,0.01,-0.06,0.43,-0.07,0.41,0.1,-0.03,0.26,-0.03,-0.48,-0.25
Lenox Hill-Roosevelt Island,MN31,Manhattan,77246,59897,0.775405846,0.224594154,91138,43034,10778,31438,0.25045313,0.730538644,1788,744510,0.267940972,0.184942696,0.241031566,0.693915234,82051,59069,0.72,0.28,105539,43924,12020,31904,0.27,0.73,2061,731316,0.25,0.21,0.12,0.58,0.06,-0.01,-0.07,0.25,0.16,0.02,0.12,0.01,0.09,-0.01,0.15,-0.02,-0.06,0.13,-0.51,-0.44
Lincoln Square,MN14,Manhattan,59387,43183,0.727145672,0.272854328,106438,31707,12621,18568,0.398050904,0.58561201,1825,886537,0.251137786,0.223996222,0.292342158,0.767476166,59691,42982,0.72,0.28,121137,32655,13125,19530,0.4,0.6,2369,968967,0.25,0.25,0.16,0.66,0.01,0,-0.01,0.03,0.14,0.03,0.04,0.05,0.01,0.02,0.3,0.09,0.01,0.1,-0.46,-0.34
Lindenwood-Howard Beach,QN57,Queens,27926,20767,0.743643916,0.256356084,68179,10774,7948,2590,0.737701875,0.24039354,1334,511741,0.256882131,0.126339434,0.156938294,0.540159858,28247,19667,0.7,0.3,68531,10477,7560,2917,0.72,0.28,1531,479918,0.24,0.12,0.08,0.44,0.01,-0.05,-0.06,0.18,0.01,-0.03,-0.05,0.13,-0.02,0.16,0.15,-0.06,-0.05,-0.07,-0.51,-0.64
Longwood,BX33,Bronx,25715,286,0.011121913,0.988878087,23753,7865,676,6956,0.085950413,0.884424666,809,378522,0.001833247,0.012941267,0.108809799,0.123584312,28961,330,0.01,0.99,25381,9040,651,8389,0.07,0.93,942,365999,0,0.01,0.06,0.07,0.13,0.15,0.03,0,0.07,0.15,-0.04,0.21,-0.16,0.05,0.16,-0.03,0.44,-0.23,-0.48,-0.27
Lower East Side,MN28,Manhattan,75055,18314,0.244007728,0.755992272,31022,29489,4517,24704,0.15317576,0.837736105,625,564243,0.08291923,0.03149552,0.175905875,0.290320626,72789,15996,0.22,0.78,31180,32016,4968,27048,0.16,0.84,746,581783,0.08,0.02,0.09,0.19,-0.03,-0.13,-0.1,0.03,0.01,0.09,0.1,0.09,0.01,0.01,0.19,0.03,-0.08,-0.23,-0.47,-0.78
Madison,BK44,Brooklyn,38605,27203,0.704649657,0.295350343,50923,14471,6582,7454,0.454840716,0.515099164,1037,603187,0.243305143,0.082293182,0.189975311,0.515573636,40122,26247,0.65,0.35,58966,14846,6974,7872,0.47,0.53,1276,596378,0.23,0.09,0.1,0.42,0.04,-0.04,-0.07,0.17,0.16,0.03,0.06,0.06,0.03,0.03,0.23,-0.01,-0.06,0.13,-0.5,-0.42
Manhattanville,MN06,Manhattan,23075,1766,0.076533044,0.923466956,25623,8014,231,7541,0.028824557,0.940978288,741,335980,0.024608038,0.017714475,0.093440502,0.135763015,23666,2357,0.1,0.9,30871,8241,342,7899,0.04,0.96,934,435064,0.03,0.02,0.07,0.13,0.03,0.33,0.3,-0.02,0.2,0.03,0.48,0.05,0.44,0.02,0.26,0.29,0.37,0.33,-0.27,0.44
Marble Hill-Inwood,MN01,Manhattan,49362,7351,0.148920222,0.851079778,40024,18159,1298,16367,0.071479707,0.901316152,942,340796,0.049811744,0.054473288,0.095180395,0.199465427,52681,8367,0.16,0.84,40278,19057,1576,17481,0.08,0.92,1171,357980,0.05,0.05,0.06,0.16,0.07,0.14,0.07,-0.01,0.01,0.05,0.21,0.07,0.16,0.02,0.24,0.05,0.1,-0.14,-0.42,-0.46
Mariners Harbor-Arlington-Port Ivory-Graniteville,SI12,Staten Island,31463,8135,0.258557671,0.741442329,56389,10326,6285,3981,0.608657757,0.385531668,968,354309,0.087985217,0.096245246,0.100062284,0.284292747,29956,6913,0.23,0.77,59106,10040,6074,3966,0.61,0.4,1053,319676,0.08,0.09,0.05,0.22,-0.05,-0.15,-0.11,0.04,0.05,-0.03,-0.03,0,-0.01,0.02,0.09,-0.1,-0.09,-0.03,-0.51,-0.63
Maspeth,QN30,Queens,29569,18678,0.631675065,0.368324935,60278,10762,5686,4863,0.528340457,0.451867683,1229,551996,0.217896912,0.106171989,0.171481359,0.495550259,29111,15685,0.54,0.46,62820,10838,5550,5288,0.51,0.49,1453,546274,0.19,0.1,0.09,0.38,-0.02,-0.16,-0.15,0.25,0.04,0.01,-0.02,0.09,-0.03,0.08,0.18,-0.01,-0.13,-0.03,-0.49,-0.66
Melrose South-Mott Haven North,BX34,Bronx,36047,558,0.01547979,0.98452021,21200,12248,1198,11006,0.097811888,0.898595689,650,317469,0.003350569,0.006424688,0.086752968,0.096528224,43244,628,0.01,0.99,24693,14293,1176,13117,0.08,0.92,866,311537,0,0.01,0.05,0.06,0.2,0.13,-0.06,0,0.16,0.17,-0.02,0.19,-0.16,0.02,0.33,-0.02,0.12,0.28,-0.45,-0.05
Middle Village,QN21,Queens,38291,29631,0.773837194,0.226162806,63877,14894,9295,5233,0.624076809,0.351349537,1232,582563,0.267394801,0.115358501,0.182524406,0.565277707,38033,26824,0.71,0.29,72118,14631,8725,5906,0.6,0.4,1393,588326,0.25,0.13,0.09,0.47,-0.01,-0.09,-0.09,0.3,0.13,-0.02,-0.06,0.13,-0.04,0.15,0.13,0.01,-0.07,0.09,-0.48,-0.46
Midtown-Midtown South,MN17,Manhattan,26777,18673,0.697352205,0.302647795,99901,15215,3414,11452,0.224383832,0.752678278,1968,877759,0.240764323,0.207310412,0.289170899,0.737245633,27811,17344,0.62,0.38,116456,15507,3326,12181,0.21,0.79,2497,1032709,0.22,0.24,0.17,0.62,0.04,-0.07,-0.11,0.24,0.17,0.02,-0.03,0.06,-0.04,0.04,0.27,0.18,-0.09,0.14,-0.41,-0.37
Midwood,BK43,Brooklyn,52093,40818,0.783560171,0.216439829,46377,18590,6457,11606,0.347337278,0.624314147,1070,631070,0.270780138,0.070689435,0.2000487,0.541518273,53377,39881,0.75,0.25,46598,18697,6069,12628,0.32,0.68,1268,709281,0.26,0.06,0.11,0.44,0.02,-0.02,-0.05,0.17,0,0.01,-0.06,0.09,-0.07,0.08,0.19,0.12,-0.03,-0.11,-0.43,-0.57
Morningside Heights,MN09,Manhattan,50994,24737,0.485096286,0.514903714,49509,20160,3794,15956,0.188194444,0.791468254,1227,630552,0.166861238,0.078683922,0.19986156,0.44540672,53707,25978,0.48,0.52,63563,19319,3950,15369,0.2,0.8,1533,689884,0.17,0.1,0.11,0.39,0.05,0.05,0,0,0.28,-0.04,0.04,-0.04,0.09,0.01,0.25,0.09,0.02,0.33,-0.44,-0.1
Morrisania-Melrose,BX35,Bronx,32938,282,0.00856154,0.99143846,23482,11519,1225,10143,0.106346037,0.880545186,756,347453,0.000941778,0.012249534,0.097585392,0.110776705,39939,589,0.01,0.99,27931,13736,1112,12624,0.08,0.92,932,369582,0,0.02,0.06,0.08,0.21,1.09,0.72,-0.01,0.19,0.19,-0.09,0.24,-0.24,0.04,0.23,0.06,3.06,0.33,-0.41,2.98
Mott Haven-Port Morris,BX39,Bronx,51670,745,0.014418425,0.985581575,18683,17160,755,16183,0.043997669,0.943065268,563,378225,0.002981023,0,0.108702501,0.111683524,55080,836,0.02,0.98,21469,18480,1065,17415,0.06,0.94,705,372119,0,0,0.06,0.06,0.07,0.12,0.05,0,0.15,0.08,0.41,0.08,0.31,0,0.25,-0.02,0.33,0,-0.47,-0.13
Mount Hope,BX41,Bronx,51628,572,0.011079259,0.988920741,27210,16467,536,15524,0.032549948,0.942733953,935,376315,0.001818396,0.021765321,0.108012468,0.131596185,52973,809,0.02,0.98,26762,17135,609,16526,0.04,0.96,1119,344921,0,0.01,0.05,0.07,0.03,0.41,0.38,0,-0.02,0.04,0.14,0.06,0.09,0.02,0.2,-0.08,1.21,-0.39,-0.51,0.31
Murray Hill,QN51,Queens,51358,15159,0.295163363,0.704836637,57511,17949,8370,9153,0.466321244,0.509944844,1267,609128,0.100730556,0.099109171,0.192121636,0.391961363,52659,12939,0.25,0.75,52762,17715,7914,9801,0.45,0.55,1413,648431,0.09,0.08,0.1,0.27,0.03,-0.15,-0.17,0.07,-0.08,-0.01,-0.05,0.07,-0.04,0.09,0.12,0.06,-0.15,-0.21,-0.46,-0.82
Murray Hill-Kips Bay,MN20,Manhattan,51180,35424,0.692145369,0.307854631,89247,27442,7278,19686,0.265213906,0.717367539,1974,672889,0.238951411,0.180115884,0.215156796,0.634224091,47774,29280,0.61,0.39,95701,26059,7442,18617,0.29,0.71,2299,682795,0.22,0.18,0.11,0.51,-0.07,-0.17,-0.11,0.26,0.07,-0.05,0.02,-0.05,0.08,0,0.16,0.01,-0.1,0.02,-0.49,-0.56
New Brighton-Silver Lake,SI35,Staten Island,17084,10786,0.631350972,0.368649028,67608,6223,4165,1848,0.669291339,0.29696288,1190,484882,0.21778407,0.124881946,0.147234849,0.489900864,18083,9883,0.55,0.45,72283,6136,3910,2226,0.64,0.36,1254,457861,0.19,0.13,0.07,0.39,0.06,-0.08,-0.13,0.23,0.07,-0.01,-0.06,0.2,-0.05,0.22,0.05,-0.06,-0.12,0.01,-0.51,-0.62
New Dorp-Midland Beach,SI45,Staten Island,21907,16707,0.762632948,0.237367052,75519,7906,5941,1769,0.751454591,0.223754111,1262,456498,0.263493716,0.145074916,0.136980462,0.545549094,21358,16380,0.77,0.23,77658,7662,5562,2100,0.73,0.27,1278,435566,0.27,0.14,0.07,0.48,-0.03,-0.02,0.01,-0.02,0.03,-0.03,-0.06,0.19,-0.03,0.23,0.01,-0.05,0.02,-0.04,-0.5,-0.51
New Springville-Bloomfield-Travis,SI05,Staten Island,40679,28454,0.699476388,0.300523612,80107,13868,10687,2954,0.770623017,0.213008365,1145,468059,0.241503919,0.156785869,0.141157145,0.539446933,40907,25847,0.63,0.37,76123,13754,9912,3842,0.72,0.28,1160,453896,0.22,0.14,0.07,0.43,0.01,-0.09,-0.1,0.23,-0.05,-0.01,-0.07,0.3,-0.06,0.31,0.01,-0.03,-0.08,-0.13,-0.49,-0.71
North Corona,QN26,Queens,47707,818,0.017146331,0.982853669,46152,11260,2292,8703,0.203552398,0.772912966,1252,588218,0.003930823,0.070115119,0.184567407,0.258613349,54677,547,0.01,0.99,47218,12178,2561,9617,0.21,0.79,1523,543975,0,0.06,0.09,0.15,0.15,-0.33,-0.42,0.01,0.02,0.08,0.12,0.11,0.03,0.02,0.22,-0.08,-0.45,-0.09,-0.53,-1.07
North Riverdale-Fieldston-Riverdale,BX22,Bronx,28640,19379,0.676641061,0.323358939,74013,11212,5762,5279,0.513913664,0.47083482,1212,378083,0.233553134,0.141230824,0.1086512,0.483435158,27145,17274,0.64,0.36,85783,10684,5408,5276,0.51,0.49,1558,316903,0.22,0.16,0.05,0.43,-0.05,-0.11,-0.06,0.12,0.16,-0.05,-0.06,0,-0.02,0.05,0.29,-0.16,-0.04,0.13,-0.55,-0.47
North Side-South Side,BK73,Brooklyn,43620,21904,0.502154975,0.497845025,43154,17364,2372,14641,0.136604469,0.843181295,1093,631423,0.172800718,0.062462669,0.200176229,0.435439617,54330,28571,0.53,0.47,73312,23134,3540,19594,0.15,0.85,1768,926795,0.18,0.13,0.15,0.46,0.25,0.3,0.05,-0.05,0.7,0.33,0.49,0.34,0.12,0,0.62,0.47,0.07,1.06,-0.24,0.89
Norwood,BX43,Bronx,39441,4536,0.115007226,0.884992774,33600,14206,931,12804,0.065535689,0.901309306,1015,344999,0.038003946,0.038075912,0.096698827,0.172778685,42666,4087,0.1,0.9,32396,14663,652,14011,0.04,0.96,1183,409458,0.03,0.03,0.06,0.12,0.08,-0.1,-0.17,0.02,-0.04,0.03,-0.3,0.09,-0.32,0.06,0.17,0.19,-0.15,-0.28,-0.34,-0.76
Oakland Gardens,QN42,Queens,28484,13118,0.46053925,0.53946075,73162,11411,7949,3241,0.696608536,0.284024187,1330,320276,0.15831099,0.139058631,0.087767062,0.385136684,28669,11361,0.4,0.6,70660,11051,7815,3236,0.71,0.29,1615,332229,0.14,0.12,0.05,0.31,0.01,-0.13,-0.14,0.12,-0.03,-0.03,-0.02,0,0.02,0.03,0.21,0.04,-0.12,-0.12,-0.42,-0.66
Oakwood-Oakwood Beach,SI25,Staten Island,22203,18552,0.835562762,0.164437238,71735,8173,5921,1987,0.724458583,0.243117582,1152,483448,0.288886356,0.135416188,0.146716783,0.571019326,20618,16952,0.82,0.18,75638,7987,5581,2406,0.7,0.3,1251,482520,0.29,0.13,0.08,0.5,-0.07,-0.09,-0.02,0.08,0.05,-0.02,-0.06,0.21,-0.04,0.24,0.09,0,0,-0.01,-0.48,-0.48
Ocean Hill,BK79,Brooklyn,29734,308,0.010358512,0.989641488,32385,11384,2346,8968,0.206078707,0.787772312,915,511200,0.001567446,0.034974602,0.156742845,0.193284894,34025,1310,0.04,0.96,35638,12625,2505,10120,0.2,0.8,1112,538172,0.01,0.04,0.09,0.13,0.14,3.25,2.72,-0.03,0.1,0.11,0.07,0.13,-0.04,0.02,0.22,0.05,6.79,0.01,-0.45,6.35
Ocean Parkway South,BK46,Brooklyn,19593,17152,0.875414689,0.124585311,49708,6644,2801,3573,0.421583384,0.537778447,1184,639456,0.302761966,0.079191873,0.203078339,0.585032178,21253,17545,0.83,0.17,54104,6832,2873,3959,0.42,0.58,1371,774670,0.29,0.08,0.13,0.5,0.08,0.02,-0.06,0.4,0.09,0.03,0.03,0.11,0,0.08,0.16,0.21,-0.04,0.03,-0.38,-0.4
Old Astoria,QN71,Queens,26846,9280,0.345675333,0.654324667,48385,10808,1728,8942,0.159881569,0.827350111,1240,573528,0.11831777,0.075814891,0.1792603,0.373392961,28110,10670,0.38,0.62,55087,11439,1560,9879,0.14,0.86,1515,545116,0.13,0.08,0.09,0.3,0.05,0.15,0.1,-0.05,0.14,0.06,-0.1,0.1,-0.15,0.04,0.22,-0.05,0.12,0.1,-0.51,-0.29
Old Town-Dongan Hills-South Beach,SI36,Staten Island,25030,18457,0.737395126,0.262604874,55972,9018,5902,2925,0.65446884,0.324351297,1069,470759,0.254706432,0.095180846,0.142132583,0.492019861,24927,17312,0.69,0.31,65994,8561,5690,2871,0.66,0.34,1191,445755,0.24,0.11,0.07,0.42,0,-0.06,-0.06,0.16,0.18,-0.05,-0.04,-0.02,0.02,0.03,0.11,-0.05,-0.04,0.16,-0.5,-0.38
Ozone Park,QN56,Queens,21247,7078,0.333129383,0.666870617,59100,6834,3916,2816,0.573017267,0.41205736,1195,481198,0.113949532,0.103165122,0.145903917,0.363018572,23415,5389,0.23,0.77,70275,6954,3991,2963,0.57,0.43,1379,441648,0.08,0.12,0.07,0.27,0.1,-0.24,-0.31,0.15,0.19,0.02,0.02,0.05,0,0.03,0.15,-0.08,-0.3,0.18,-0.52,-0.65
Park Slope-Gowanus,BK37,Brooklyn,71058,46207,0.650271609,0.349728391,90008,30893,12377,18039,0.400640922,0.583918687,1598,901505,0.224371841,0.182058351,0.2977497,0.704179891,73881,49436,0.67,0.33,113781,31147,12243,18904,0.39,0.61,2050,997876,0.23,0.23,0.16,0.63,0.04,0.07,0.03,-0.05,0.26,0.01,-0.01,0.05,-0.02,0.04,0.28,0.11,0.05,0.26,-0.45,-0.14
park-cemetery-etc-Bronx,BX99,Bronx,NA,NA,NA,NA,NA,NA,NA,NA,NA,NA,NA,NA,NA,NA,NA,NA,NA,NA,NA,NA,NA,NA,NA,NA,NA,NA,NA,NA,NA,NA,NA,NA,NA,NA,NA,NA,NA,NA,NA,NA,NA,NA,NA,NA,NA,NA,NA,NA
park-cemetery-etc-Brooklyn,BK99,Brooklyn,NA,NA,NA,NA,NA,NA,NA,NA,NA,NA,NA,NA,NA,NA,NA,NA,NA,NA,NA,NA,NA,NA,NA,NA,NA,NA,NA,NA,NA,NA,NA,NA,NA,NA,NA,NA,NA,NA,NA,NA,NA,NA,NA,NA,NA,NA,NA,NA
park-cemetery-etc-Manhattan,MN99,Manhattan,NA,NA,NA,NA,NA,NA,NA,NA,NA,NA,NA,NA,NA,NA,NA,NA,NA,NA,NA,NA,NA,NA,NA,NA,NA,NA,NA,NA,NA,NA,NA,NA,NA,NA,NA,NA,NA,NA,NA,NA,NA,NA,NA,NA,NA,NA,NA,NA
park-cemetery-etc-Queens,QN99,Queens,NA,NA,NA,NA,NA,NA,NA,NA,NA,NA,NA,NA,NA,NA,NA,NA,NA,NA,NA,NA,NA,NA,NA,NA,NA,NA,NA,NA,NA,NA,NA,NA,NA,NA,NA,NA,NA,NA,NA,NA,NA,NA,NA,NA,NA,NA,NA,NA
park-cemetery-etc-Staten Island,SI99,Staten Island,NA,NA,NA,NA,NA,NA,NA,NA,NA,NA,NA,NA,NA,NA,NA,NA,NA,NA,NA,NA,NA,NA,NA,NA,NA,NA,NA,NA,NA,NA,NA,NA,NA,NA,NA,NA,NA,NA,NA,NA,NA,NA,NA,NA,NA,NA,NA,NA
Parkchester,BX46,Bronx,29974,1313,0.043804631,0.956195369,46634,12740,2802,9860,0.219937206,0.773940345,1029,133780,0.013212687,0.071345432,0.020390999,0.104949119,30826,617,0.02,0.98,50466,12689,2775,9914,0.22,0.78,1181,131699,0.01,0.07,0.02,0.1,0.03,-0.53,-0.54,0.02,0.08,0,-0.01,0.01,-0.01,0.01,0.15,-0.02,-0.57,0.01,-0.15,-0.71
Pelham Bay-Country Club-City Island,BX10,Bronx,26001,17335,0.666705127,0.333294873,56716,11064,4811,5993,0.434833695,0.541666667,1097,501535,0.230093649,0.097079919,0.153251136,0.480424705,26172,13506,0.52,0.48,64636,11135,4506,6629,0.4,0.6,1303,469538,0.18,0.11,0.07,0.36,0.01,-0.22,-0.23,0.45,0.14,0.01,-0.06,0.11,-0.07,0.1,0.19,-0.06,-0.21,0.11,-0.51,-0.62
Pelham Parkway,BX49,Bronx,30616,11357,0.37094983,0.62905017,47543,11505,3058,8223,0.265797479,0.714732725,1068,456705,0.127117823,0.073665671,0.137055245,0.337838739,29947,9619,0.32,0.68,54087,11325,2867,8458,0.25,0.75,1302,439489,0.11,0.08,0.07,0.26,-0.02,-0.15,-0.13,0.08,0.14,-0.02,-0.06,0.03,-0.05,0.04,0.22,-0.04,-0.12,0.1,-0.49,-0.51
Pomonok-Flushing Heights-Hillcrest,QN38,Queens,32987,11132,0.337466275,0.662533725,55121,11318,5754,5495,0.508393709,0.485509807,883,570768,0.115459547,0.093008653,0.178263185,0.386731385,36416,11988,0.33,0.67,52068,11905,5520,6385,0.46,0.54,1029,600293,0.11,0.08,0.1,0.29,0.1,0.08,-0.02,0.01,-0.06,0.05,-0.04,0.16,-0.09,0.1,0.17,0.05,-0.01,-0.18,-0.46,-0.64
Port Richmond,SI28,Staten Island,19060,8479,0.444858342,0.555141658,63074,6388,3993,2159,0.625078272,0.337977458,1200,411896,0.152851225,0.113308829,0.120866941,0.387026995,19141,7691,0.4,0.6,62339,6360,3980,2380,0.63,0.37,1220,376788,0.14,0.1,0.06,0.3,0,-0.09,-0.1,0.08,-0.01,0,0,0.1,0,0.11,0.02,-0.09,-0.08,-0.1,-0.51,-0.7
Prospect Heights,BK64,Brooklyn,21455,9824,0.457888604,0.542111396,78928,9629,3177,6276,0.329940804,0.651781078,1369,636032,0.157388091,0.15377645,0.201841339,0.51300588,20493,10366,0.51,0.49,89061,9331,3233,6098,0.35,0.65,1708,788237,0.18,0.17,0.13,0.47,-0.04,0.06,0.1,-0.09,0.13,-0.03,0.02,-0.03,0.05,0,0.25,0.24,0.13,0.09,-0.36,-0.15
Prospect Lefferts Gardens-Wingate,BK60,Brooklyn,66537,5929,0.089108316,0.910891684,39516,25866,4313,21215,0.166743988,0.820188665,978,527461,0.028986486,0.053176609,0.162617513,0.244780608,69363,10187,0.15,0.85,43485,26590,4552,22038,0.17,0.83,1211,517192,0.05,0.05,0.08,0.19,0.04,0.72,0.65,-0.06,0.1,0.03,0.06,0.04,0.03,0.01,0.24,-0.02,0.74,0.03,-0.49,0.28
Queens Village,QN34,Queens,57481,3972,0.069101094,0.930898906,72122,16204,11351,4474,0.700506048,0.276104666,1178,439956,0.022020388,0.136404013,0.131004275,0.289428676,54732,3499,0.06,0.94,70880,15538,10482,5056,0.67,0.33,1384,417588,0.02,0.12,0.07,0.21,-0.05,-0.12,-0.08,0.01,-0.02,-0.04,-0.08,0.13,-0.04,0.18,0.17,-0.05,-0.04,-0.1,-0.5,-0.64
Queensboro Hill,QN62,Queens,20741,4053,0.195410057,0.804589943,56796,6394,3838,2465,0.600250235,0.385517673,1404,551909,0.065998535,0.097284121,0.171449928,0.334732584,21460,2985,0.14,0.86,55740,6049,3503,2546,0.58,0.42,1426,627279,0.05,0.09,0.1,0.23,0.03,-0.26,-0.29,0.07,-0.02,-0.05,-0.09,0.03,-0.04,0.09,0.02,0.14,-0.28,-0.12,-0.41,-0.81
Queensbridge-Ravenswood-Long Island City,QN68,Queens,18112,2795,0.15431758,0.84568242,24872,7204,624,6513,0.086618545,0.904081066,594,495832,0.051690991,0.015797534,0.151190794,0.218679319,18927,3181,0.17,0.83,28870,7805,514,7291,0.07,0.93,698,643034,0.06,0.02,0.1,0.18,0.04,0.14,0.09,-0.02,0.16,0.08,-0.18,0.12,-0.24,0.03,0.18,0.3,0.12,0.18,-0.31,-0.01
Rego Park,QN18,Queens,29091,13148,0.451961088,0.548038912,55902,12506,5351,6941,0.42787462,0.555013593,1254,347424,0.155324253,0.09500217,0.097574915,0.347901338,28106,12501,0.44,0.56,57539,12260,5064,7196,0.41,0.59,1401,352759,0.16,0.09,0.05,0.3,-0.03,-0.05,-0.02,0.01,0.03,-0.02,-0.05,0.04,-0.03,0.06,0.12,0.02,0,-0.06,-0.44,-0.49
Richmond Hill,QN54,Queens,62604,7171,0.114545396,0.885454604,56343,17116,8529,8393,0.498305679,0.490359897,1209,506056,0.037843147,0.09612783,0.154884454,0.288855431,68275,6813,0.1,0.9,60779,17473,7947,9526,0.45,0.55,1412,473224,0.03,0.1,0.08,0.21,0.09,-0.05,-0.13,0.02,0.08,0.02,-0.07,0.13,-0.09,0.11,0.17,-0.06,-0.11,0.02,-0.52,-0.6
Ridgewood,QN20,Queens,68414,27275,0.39867571,0.60132429,46786,23633,5315,17842,0.224897389,0.754961283,1136,570115,0.136771396,0.071733415,0.178027273,0.386532084,72964,29940,0.41,0.59,55788,24198,5515,18683,0.23,0.77,1336,515807,0.14,0.09,0.08,0.31,0.07,0.1,0.03,-0.02,0.19,0.02,0.04,0.05,0.01,0.02,0.18,-0.1,0.05,0.19,-0.54,-0.3
Rikers Island,BX98,Bronx,NA,NA,NA,NA,NA,NA,NA,NA,NA,NA,NA,NA,NA,NA,NA,NA,NA,NA,NA,NA,NA,NA,NA,NA,NA,NA,NA,NA,NA,NA,NA,NA,NA,NA,NA,NA,NA,NA,NA,NA,NA,NA,NA,NA,NA,NA,NA,NA
Rosedale,QN05,Queens,26668,1838,0.068921554,0.931078446,80854,7820,5461,2328,0.698337596,0.29769821,1572,451001,0.021957876,0.1586926,0.134994541,0.315645018,27462,1031,0.04,0.96,86452,7619,4654,2965,0.61,0.39,1604,422711,0.01,0.16,0.07,0.24,0.03,-0.44,-0.46,0.03,0.07,-0.03,-0.15,0.27,-0.13,0.31,0.02,-0.06,-0.46,0.02,-0.51,-0.95
Rossville-Woodrow,SI32,Staten Island,19461,16730,0.859668054,0.140331946,85405,6861,5689,1074,0.82917942,0.156536948,1157,565685,0.297279316,0.17030911,0.176426832,0.644015257,21397,18050,0.84,0.16,93405,7435,6456,979,0.87,0.13,1312,562591,0.3,0.18,0.09,0.57,0.1,0.08,-0.02,0.11,0.09,0.08,0.13,-0.09,0.05,-0.16,0.13,-0.01,0,0.05,-0.49,-0.44
Rugby-Remsen Village,BK96,Brooklyn,55663,326,0.005856673,0.994143327,43824,20185,6308,13588,0.312509289,0.673173148,1060,455070,0,0.064172857,0.136464563,0.20063742,55951,985,0.02,0.98,45863,20761,6301,14460,0.3,0.7,1210,438767,0,0.06,0.07,0.13,0.01,2.02,2.01,-0.01,0.05,0.03,0,0.06,-0.03,0.03,0.14,-0.04,0,-0.05,-0.49,-0.55
Schuylerville-Throgs Neck-Edgewater Park,BX52,Bronx,43832,22963,0.523886658,0.476113342,59838,16327,8409,7700,0.515036443,0.471611441,1075,439827,0.180367237,0.105048881,0.130957671,0.416373789,47580,18892,0.4,0.6,69686,16527,8495,8032,0.51,0.49,1286,424455,0.14,0.12,0.07,0.33,0.09,-0.18,-0.24,0.27,0.16,0.01,0.01,0.04,0,0.03,0.2,-0.03,-0.23,0.14,-0.49,-0.58
Seagate-Coney Island,BK21,Brooklyn,30992,10331,0.333344089,0.666655911,28628,11497,1891,9505,0.16447769,0.82673741,594,440674,0.114024288,0.025384792,0.13126367,0.27067275,29677,9216,0.31,0.69,26033,10981,1687,9294,0.15,0.85,620,433588,0.11,0.01,0.07,0.19,-0.04,-0.11,-0.07,0.03,-0.09,-0.04,-0.11,-0.02,-0.07,0.02,0.04,-0.02,-0.05,-0.54,-0.48,-1.07
Sheepshead Bay-Gerritsen Beach-Manhattan Beach,BK17,Brooklyn,61450,42913,0.698340114,0.301659886,50998,24730,12661,11645,0.511969268,0.470885564,960,500930,0.241108292,0.082484621,0.153032566,0.476625479,66293,43445,0.66,0.34,54371,26198,13992,12206,0.53,0.47,1149,467326,0.23,0.08,0.07,0.39,0.08,0.01,-0.06,0.14,0.07,0.06,0.11,0.05,0.04,-0.01,0.2,-0.07,-0.05,-0.01,-0.52,-0.57
SoHo-TriBeCa-Civic Center-Little Italy,MN24,Manhattan,39918,25678,0.643268701,0.356731299,88752,18345,4836,13280,0.263614064,0.723902971,1548,1000000,0.221933574,0.178852388,0.333333333,0.734119295,42979,28050,0.65,0.35,121638,19700,5717,13983,0.29,0.71,2144,2000000,0.23,0.25,0.33,0.81,0.08,0.09,0.01,-0.03,0.37,0.07,0.18,0.05,0.1,-0.02,0.39,1,0.03,0.39,0,0.42
Soundview-Bruckner,BX55,Bronx,34249,601,0.017547958,0.982452042,29868,11397,1735,9550,0.152233044,0.837939809,912,435514,0.004070661,0.028549914,0.129399498,0.162020074,37866,941,0.02,0.98,29638,11820,1735,10085,0.15,0.85,1082,383006,0.01,0.02,0.06,0.09,0.11,0.57,0.42,-0.01,-0.01,0.04,0,0.06,-0.04,0.02,0.19,-0.12,0.82,-0.28,-0.54,0
Soundview-Castle Hill-Clason Point-Harding Park,BX09,Bronx,52963,1070,0.020202783,0.979797217,37332,18665,4624,14015,0.247736405,0.750870613,709,383910,0.004995016,0.047601909,0.110756341,0.163353266,56552,1345,0.02,0.98,35771,19190,5351,13839,0.28,0.72,867,358572,0.01,0.04,0.06,0.1,0.07,0.26,0.18,0,-0.04,0.03,0.16,-0.01,0.13,-0.04,0.22,-0.07,0.4,-0.25,-0.5,-0.34
South Jamaica,QN01,Queens,35833,353,0.009851254,0.990148746,43533,11540,5399,5989,0.467850953,0.51897747,932,393455,0.00139083,0.063430074,0.114204696,0.1790256,41606,163,0,1,48375,12166,5479,6687,0.45,0.55,1154,374207,0,0.07,0.06,0.13,0.16,-0.54,-0.6,0.01,0.11,0.05,0.01,0.12,-0.04,0.06,0.24,-0.05,-1,0.06,-0.49,-1.43
South Ozone Park,QN55,Queens,77556,5967,0.076937955,0.923062045,56774,21589,13856,7513,0.641808328,0.348001297,1215,465734,0.02474902,0.097227965,0.140317184,0.262294169,85411,4553,0.05,0.95,62651,22105,14139,7966,0.64,0.36,1388,432257,0.02,0.1,0.07,0.19,0.1,-0.24,-0.31,0.03,0.1,0.02,0.02,0.06,0,0.04,0.14,-0.07,-0.3,0.05,-0.51,-0.76
Springfield Gardens North,QN02,Queens,26495,251,0.009473486,0.990526514,53003,10037,3290,6656,0.327787187,0.663146358,880,409320,0.001259299,0.08760242,0.1199363,0.208798019,27577,290,0.01,0.99,53006,10464,3674,6790,0.35,0.65,1102,394427,0,0.08,0.06,0.14,0.04,0.16,0.11,0,0,0.04,0.12,0.02,0.07,-0.02,0.25,-0.04,0.85,-0.1,-0.49,0.26
Springfield Gardens South-Brookville,QN03,Queens,20426,651,0.031871145,0.968128855,74947,5565,3900,1625,0.700808625,0.292003594,1601,450717,0.009057696,0.143614876,0.134891939,0.287564512,21900,435,0.02,0.98,75244,5942,3669,2273,0.62,0.38,1631,408800,0.01,0.13,0.06,0.2,0.07,-0.33,-0.38,0.01,0,0.07,-0.06,0.4,-0.12,0.31,0.02,-0.09,-0.38,-0.07,-0.52,-0.97
Spuyten Duyvil-Kingsbridge,BX29,Bronx,29269,14219,0.485804093,0.514195907,63079,12706,4575,8014,0.36006611,0.630725641,1145,309071,0.167107682,0.113321592,0.083718993,0.364148266,31508,13851,0.44,0.56,68776,13171,4766,8405,0.36,0.64,1391,304920,0.15,0.12,0.05,0.32,0.08,-0.03,-0.1,0.09,0.09,0.04,0.04,0.05,0.01,0.01,0.21,-0.01,-0.08,0.04,-0.44,-0.49
St. Albans,QN08,Queens,49614,509,0.010259201,0.989740799,65319,15456,11558,3694,0.747800207,0.239001035,1152,417402,0.001532868,0.119039232,0.122856113,0.243428213,54626,580,0.01,0.99,71487,15717,10967,4750,0.7,0.3,1349,387885,0,0.12,0.06,0.19,0.1,0.14,0.03,0,0.09,0.02,-0.05,0.29,-0.07,0.26,0.17,-0.07,0.54,0.04,-0.51,0.08
Stapleton-Rosebank,SI37,Staten Island,24747,9885,0.399442357,0.600557643,53072,8955,4481,4257,0.500390843,0.475376884,1060,396341,0.137038326,0.087778544,0.115247331,0.340064201,26247,9594,0.37,0.63,53120,9317,4462,4855,0.48,0.52,1169,371507,0.13,0.08,0.06,0.26,0.06,-0.03,-0.08,0.06,0,0.04,0,0.14,-0.04,0.1,0.1,-0.06,-0.07,-0.1,-0.5,-0.67
Starrett City,BK93,Brooklyn,13225,3503,0.264877127,0.735122873,24935,6491,111,6338,0.017100601,0.976428902,812,388297,0.09018552,0.015958343,0.112341247,0.21848511,12388,2759,0.22,0.78,24601,6408,135,6273,0.02,0.98,641,484482,0.08,0.01,0.08,0.16,-0.06,-0.21,-0.16,0.06,-0.01,-0.01,0.22,-0.01,0.23,0,-0.21,0.25,-0.14,-0.5,-0.32,-0.96
Steinway,QN72,Queens,50102,32154,0.641770788,0.358229212,55083,21191,7266,13470,0.342881412,0.635647209,1257,611453,0.221412032,0.092911657,0.192961597,0.507285287,48179,30027,0.62,0.38,64259,19715,5697,14018,0.29,0.71,1596,677697,0.22,0.11,0.11,0.43,-0.04,-0.07,-0.03,0.05,0.17,-0.07,-0.22,0.04,-0.16,0.12,0.27,0.11,-0.01,0.14,-0.43,-0.3
Stuyvesant Heights,BK35,Brooklyn,61410,1878,0.030581339,0.969418661,35194,23820,5679,17686,0.238413098,0.742485306,886,584964,0.008608613,0.042144626,0.183391824,0.234145062,67371,6512,0.1,0.9,41269,25486,6338,19148,0.25,0.75,1123,640583,0.03,0.05,0.1,0.19,0.1,2.47,2.16,-0.07,0.17,0.07,0.12,0.08,0.04,0.01,0.27,0.1,2.8,0.17,-0.44,2.54
Stuyvesant Town-Cooper Village,MN50,Manhattan,NA,NA,NA,NA,NA,NA,NA,NA,NA,NA,NA,NA,NA,NA,NA,NA,NA,NA,NA,NA,NA,NA,NA,NA,NA,NA,NA,NA,NA,NA,NA,NA,NA,NA,NA,NA,NA,NA,NA,NA,NA,NA,NA,NA,NA,NA,NA,NA
Sunset Park East,BK34,Brooklyn,69526,10027,0.144219429,0.855780571,34397,20807,4639,15785,0.222953814,0.75863892,1015,606221,0.048175026,0.040110269,0.191071414,0.279356709,71850,9109,0.13,0.87,39200,19923,4274,15649,0.21,0.79,1231,668624,0.04,0.04,0.11,0.2,0.03,-0.09,-0.12,0.02,0.14,-0.04,-0.08,-0.01,-0.04,0.04,0.21,0.1,-0.1,0.1,-0.43,-0.43
Sunset Park West,BK32,Brooklyn,55748,9161,0.164328765,0.835671235,40675,17278,4105,12782,0.237585369,0.739784697,1099,606963,0.055176677,0.056134977,0.191339479,0.302651134,57377,9735,0.17,0.83,47397,16754,3794,12960,0.23,0.77,1349,700654,0.06,0.06,0.11,0.24,0.03,0.06,0.03,-0.01,0.17,-0.03,-0.08,0.01,-0.05,0.05,0.23,0.15,0.06,0.15,-0.41,-0.2
Todt Hill-Emerson Hill-Heartland Village-Lighthouse Hill,SI24,Staten Island,32489,24526,0.754901659,0.245098341,78990,11273,9025,2056,0.80058547,0.182382684,1181,493315,0.260801842,0.153934707,0.150281468,0.565018017,32276,22789,0.71,0.29,83355,11603,8913,2690,0.77,0.23,1343,495643,0.25,0.15,0.08,0.48,-0.01,-0.07,-0.06,0.2,0.06,0.03,-0.01,0.31,-0.04,0.27,0.14,0,-0.05,0,-0.48,-0.53
Turtle Bay-East Midtown,MN19,Manhattan,48048,37269,0.775661838,0.224338162,109031,29018,12096,16211,0.416844717,0.55865325,1984,800982,0.268030104,0.230614902,0.261433403,0.760078408,49628,36919,0.74,0.26,119688,28991,12936,16055,0.45,0.55,2415,799590,0.26,0.24,0.13,0.64,0.03,-0.01,-0.04,0.14,0.1,0,0.07,-0.01,0.07,-0.01,0.22,0,-0.02,0.06,-0.5,-0.47
University Heights-Morris Heights,BX36,Bronx,55799,641,0.011487661,0.988512339,25459,17761,1007,16580,0.056697258,0.933505996,894,440921,0.001960593,0.017295862,0.131352904,0.150609359,55575,585,0.01,0.99,22776,19072,787,18285,0.04,0.96,1021,420282,0,0,0.07,0.07,0,-0.09,-0.09,0,-0.11,0.07,-0.22,0.1,-0.27,0.03,0.14,-0.05,0.19,-0.8,-0.5,-1.1
Upper East Side-Carnegie Hill,MN40,Manhattan,60780,53347,0.877706482,0.122293518,149273,29281,17317,11167,0.591407397,0.381373587,1895,1000000,0.30355992,0.333333333,0.333333333,0.970226587,58593,49005,0.84,0.16,155786,28854,16940,11914,0.59,0.41,2251,2000000,0.29,0.33,0.33,0.96,-0.04,-0.08,-0.05,0.34,0.04,-0.01,-0.02,0.07,-0.01,0.08,0.19,1,-0.03,0,0,-0.03
Upper West Side,MN12,Manhattan,138076,95856,0.694226368,0.305773632,88840,68548,19903,47441,0.290351287,0.692084379,1404,1000000,0.239675971,0.179077009,0.333333333,0.752086314,134019,88180,0.66,0.34,99320,65676,20511,45165,0.31,0.69,1670,1158387,0.23,0.19,0.19,0.62,-0.03,-0.08,-0.05,0.12,0.12,-0.04,0.03,-0.05,0.08,-0.01,0.19,0.16,-0.04,0.08,-0.43,-0.38
Van Cortlandt Village,BX28,Bronx,50284,6219,0.123677512,0.876322488,37260,17977,2566,15050,0.142737943,0.837180842,988,139524,0.041022759,0.047418128,0.022466154,0.110907041,51157,4457,0.09,0.91,42564,17863,3012,14851,0.17,0.83,1191,109648,0.03,0.05,0.01,0.1,0.02,-0.28,-0.3,0.04,0.14,-0.01,0.17,-0.01,0.18,-0.01,0.21,-0.21,-0.28,0.11,-0.4,-0.57
Van Nest-Morris Park-Westchester Square,BX37,Bronx,28749,8500,0.295662458,0.704337542,47970,9745,3161,6465,0.324371473,0.663417137,1048,453447,0.10090433,0.074755596,0.135878216,0.311538143,29509,7212,0.24,0.76,46002,9430,2578,6852,0.27,0.73,1279,439166,0.08,0.06,0.07,0.22,0.03,-0.15,-0.17,0.07,-0.04,-0.03,-0.18,0.06,-0.16,0.1,0.22,-0.03,-0.16,-0.18,-0.49,-0.83
Washington Heights North,MN35,Manhattan,71364,18683,0.261798666,0.738201334,38719,25475,2915,22048,0.114425908,0.865475957,999,407592,0.089113664,0.051142252,0.11931202,0.259567935,73523,19079,0.26,0.74,48800,25848,3197,22651,0.12,0.88,1286,418434,0.09,0.07,0.07,0.22,0.03,0.02,-0.01,0,0.26,0.01,0.1,0.03,0.08,0.01,0.29,0.03,0.01,0.33,-0.45,-0.11
Washington Heights South,MN36,Manhattan,90285,8715,0.096527662,0.903472338,33957,29382,2157,26567,0.073412293,0.904193043,943,401889,0.031569747,0.038987161,0.117251677,0.187808585,92476,11476,0.12,0.88,39841,29295,1959,27336,0.07,0.93,1157,401576,0.04,0.05,0.06,0.15,0.02,0.32,0.29,-0.03,0.17,0,-0.09,0.03,-0.09,0.03,0.23,0,0.34,0.17,-0.46,0.06
West Brighton,BK23,Brooklyn,15959,15372,0.963218247,0.036781753,42996,8092,2419,5623,0.298937222,0.694883836,813,302168,0.333333333,0.062059372,0.081225122,0.476617827,15754,14931,0.95,0.05,40910,8132,3404,4728,0.42,0.58,987,282390,0.33,0.05,0.04,0.42,-0.01,-0.03,-0.02,0.42,-0.05,0,0.41,-0.16,0.4,-0.16,0.21,-0.07,0,-0.22,-0.47,-0.69
West Concourse,BX63,Bronx,39711,906,0.022814837,0.977185163,27789,12839,353,12334,0.027494353,0.960666719,918,238919,0.005904479,0.023243229,0.058374934,0.087522642,37395,710,0.02,0.98,26520,13095,319,12776,0.02,0.98,1098,213234,0.01,0.01,0.03,0.05,-0.06,-0.22,-0.17,0,-0.05,0.02,-0.1,0.04,-0.11,0.02,0.2,-0.11,-0.1,-0.45,-0.47,-1.02
West Farms-Bronx River,BX08,Bronx,34321,681,0.019842079,0.980157921,30580,11596,1935,9494,0.166867885,0.818730597,966,440290,0.004869427,0.030367307,0.131124941,0.166361675,35752,1182,0.03,0.97,29306,11865,1818,10047,0.15,0.85,1108,453009,0.01,0.02,0.07,0.1,0.04,0.74,0.67,-0.01,-0.04,0.02,-0.06,0.06,-0.08,0.03,0.15,0.03,1.11,-0.35,-0.45,0.31
West New Brighton-New Brighton-St. George,SI22,Staten Island,30879,8193,0.26532595,0.73467405,49273,11647,4844,6667,0.41590109,0.572422083,1039,382929,0.090341791,0.078081527,0.110401931,0.278825249,33175,7818,0.24,0.76,48899,12074,4949,7125,0.41,0.59,1064,359324,0.08,0.07,0.06,0.21,0.07,-0.05,-0.11,0.04,-0.01,0.04,0.02,0.07,-0.01,0.03,0.02,-0.06,-0.09,-0.13,-0.49,-0.71
West Village,MN23,Manhattan,67305,55332,0.822108313,0.177891687,99643,37206,11722,24396,0.315056711,0.655700693,1878,961144,0.284201797,0.206651862,0.31929569,0.810149349,66772,53660,0.8,0.2,119593,36906,12389,24517,0.34,0.66,2286,1107878,0.28,0.24,0.18,0.71,-0.01,-0.03,-0.02,0.1,0.2,-0.01,0.06,0,0.07,0.01,0.22,0.15,-0.01,0.18,-0.43,-0.26
Westchester-Unionport,BX59,Bronx,26870,1736,0.064607369,0.935392631,43196,8574,2317,6048,0.270235596,0.705388383,1092,445319,0.020455767,0.062569875,0.132941785,0.215967427,28437,1121,0.04,0.96,43412,9073,2325,6748,0.26,0.74,1308,425647,0.01,0.05,0.07,0.13,0.06,-0.35,-0.39,0.03,0.01,0.06,0,0.12,-0.05,0.05,0.2,-0.04,-0.39,-0.13,-0.5,-1.01
Westerleigh,SI07,Staten Island,23966,18412,0.768255028,0.231744972,83103,9262,7168,1975,0.773914921,0.213236882,1199,470753,0.265451207,0.164433213,0.142130415,0.572014835,24131,17293,0.72,0.28,79491,9067,6841,2226,0.75,0.25,1290,449937,0.25,0.14,0.07,0.47,0.01,-0.06,-0.07,0.22,-0.04,-0.02,-0.05,0.13,-0.03,0.15,0.08,-0.04,-0.05,-0.12,-0.5,-0.67
Whitestone,QN49,Queens,31919,22235,0.696607037,0.303392963,79070,11538,8178,3126,0.708788352,0.270930837,1560,633668,0.24050487,0.154138908,0.200987288,0.595631067,31090,19142,0.62,0.38,79557,11094,8433,2661,0.76,0.24,1632,663953,0.22,0.14,0.11,0.47,-0.03,-0.14,-0.12,0.27,0.01,-0.04,0.03,-0.15,0.07,-0.11,0.05,0.05,-0.1,-0.06,-0.47,-0.63
Williamsbridge-Olinville,BX44,Bronx,60849,1744,0.028661112,0.971338888,42885,20393,6817,13265,0.334281371,0.650468298,1020,406150,0.00794003,0.061776042,0.118791063,0.188507135,65043,1526,0.02,0.98,40791,21483,6358,15125,0.3,0.7,1204,378872,0.01,0.05,0.06,0.11,0.07,-0.13,-0.18,0.01,-0.05,0.05,-0.07,0.14,-0.11,0.08,0.18,-0.07,-0.13,-0.22,-0.5,-0.85
Williamsburg,BK72,Brooklyn,34631,29961,0.865149721,0.134850279,21977,8475,1335,7000,0.157522124,0.825958702,754,586103,0.299187918,0.008407994,0.183803314,0.491399227,33767,29533,0.87,0.13,23188,8315,1051,7264,0.13,0.87,890,637318,0.31,0,0.1,0.41,-0.02,-0.01,0.01,-0.07,0.06,-0.02,-0.21,0.04,-0.2,0.06,0.18,0.09,0.03,-0.46,-0.44,-0.88
Windsor Terrace,BK40,Brooklyn,22916,15140,0.660673765,0.339326235,74266,9612,4431,5050,0.460986267,0.525384935,1237,656868,0.227993655,0.141876611,0.209368834,0.579239099,22031,14870,0.68,0.33,91219,9135,3902,5233,0.43,0.57,1724,730182,0.24,0.17,0.12,0.53,-0.04,-0.02,0.02,-0.04,0.23,-0.05,-0.12,0.04,-0.07,0.09,0.39,0.11,0.04,0.22,-0.43,-0.17
Woodhaven,QN53,Queens,55766,10451,0.187408098,0.812591902,54076,16804,8169,8330,0.486134254,0.495715306,1214,457626,0.06321242,0.090341272,0.137387978,0.29094167,62821,9801,0.16,0.84,64408,17324,8943,8381,0.52,0.48,1422,436526,0.05,0.11,0.07,0.23,0.13,-0.06,-0.17,0.04,0.19,0.03,0.09,0.01,0.06,-0.02,0.17,-0.05,-0.15,0.18,-0.5,-0.47
Woodlawn-Wakefield,BX62,Bronx,46045,7747,0.168248453,0.831751547,54533,15506,7332,7994,0.47284922,0.515542371,1089,417029,0.056541431,0.091507772,0.122721358,0.270770561,44064,7179,0.16,0.84,57189,14863,6935,7928,0.47,0.53,1296,407578,0.06,0.09,0.06,0.21,-0.04,-0.07,-0.03,0.01,0.05,-0.04,-0.05,-0.01,-0.01,0.03,0.19,-0.02,-0.01,-0.03,-0.48,-0.52
Woodside,QN63,Queens,45839,11711,0.255481141,0.744518859,53138,16626,5277,11125,0.317394442,0.669132684,1213,312123,0.086914033,0.08794701,0.0848216,0.259682643,45702,10245,0.22,0.78,51485,16022,5523,10499,0.34,0.66,1421,338394,0.08,0.07,0.05,0.2,0,-0.13,-0.12,0.04,-0.03,-0.04,0.05,-0.06,0.09,-0.02,0.17,0.08,-0.11,-0.15,-0.38,-0.64
Yorkville,MN32,Manhattan,78203,58895,0.753104101,0.246895899,91978,43316,12405,30357,0.286383784,0.700826484,1726,737097,0.26017597,0.187086811,0.238353445,0.685616226,81278,60628,0.75,0.25,99282,44045,11753,32292,0.27,0.73,2088,729638,0.26,0.19,0.12,0.57,0.04,0.03,-0.01,0.03,0.08,0.02,-0.05,0.06,-0.07,0.05,0.21,-0.01,0.01,0.03,-0.5,-0.46
